-- address_city

INSERT INTO public.address_city (city_no, city_name) VALUES (1, '서울특별시');
INSERT INTO public.address_city (city_no, city_name) VALUES (2, '경기도');
INSERT INTO public.address_city (city_no, city_name) VALUES (3, '인천광역시');
INSERT INTO public.address_city (city_no, city_name) VALUES (4, '강원도');
INSERT INTO public.address_city (city_no, city_name) VALUES (5, '대전광역시');
INSERT INTO public.address_city (city_no, city_name) VALUES (6, '충청남도');
INSERT INTO public.address_city (city_no, city_name) VALUES (7, '충청북도');
INSERT INTO public.address_city (city_no, city_name) VALUES (8, '전라남도');
INSERT INTO public.address_city (city_no, city_name) VALUES (9, '전라북도');
INSERT INTO public.address_city (city_no, city_name) VALUES (10, '광주광역시');
INSERT INTO public.address_city (city_no, city_name) VALUES (11, '대구광역시');
INSERT INTO public.address_city (city_no, city_name) VALUES (12, '경상북도');
INSERT INTO public.address_city (city_no, city_name) VALUES (13, '경상남도');
INSERT INTO public.address_city (city_no, city_name) VALUES (14, '울산광역시');
INSERT INTO public.address_city (city_no, city_name) VALUES (15, '부산광역시');
INSERT INTO public.address_city (city_no, city_name) VALUES (16, '제주특별자치도');

-- address_area

INSERT INTO public.address_area (area_no, area_name, area_city_no) VALUES (1, '강남구', 1);
INSERT INTO public.address_area (area_no, area_name, area_city_no) VALUES (2, '강동구', 1);
INSERT INTO public.address_area (area_no, area_name, area_city_no) VALUES (3, '강북구', 1);
INSERT INTO public.address_area (area_no, area_name, area_city_no) VALUES (4, '강서구', 1);
INSERT INTO public.address_area (area_no, area_name, area_city_no) VALUES (5, '관악구', 1);
INSERT INTO public.address_area (area_no, area_name, area_city_no) VALUES (6, '광진구', 1);
INSERT INTO public.address_area (area_no, area_name, area_city_no) VALUES (7, '구로구', 1);
INSERT INTO public.address_area (area_no, area_name, area_city_no) VALUES (8, '금천구', 1);
INSERT INTO public.address_area (area_no, area_name, area_city_no) VALUES (9, '노원구', 1);
INSERT INTO public.address_area (area_no, area_name, area_city_no) VALUES (10, '도봉구', 1);
INSERT INTO public.address_area (area_no, area_name, area_city_no) VALUES (11, '동대문구', 1);
INSERT INTO public.address_area (area_no, area_name, area_city_no) VALUES (12, '동작구', 1);
INSERT INTO public.address_area (area_no, area_name, area_city_no) VALUES (13, '마포구', 1);
INSERT INTO public.address_area (area_no, area_name, area_city_no) VALUES (14, '서대문구', 1);
INSERT INTO public.address_area (area_no, area_name, area_city_no) VALUES (15, '서초구', 1);
INSERT INTO public.address_area (area_no, area_name, area_city_no) VALUES (16, '성동구', 1);
INSERT INTO public.address_area (area_no, area_name, area_city_no) VALUES (17, '성북구', 1);
INSERT INTO public.address_area (area_no, area_name, area_city_no) VALUES (18, '송파구', 1);
INSERT INTO public.address_area (area_no, area_name, area_city_no) VALUES (19, '양천구', 1);
INSERT INTO public.address_area (area_no, area_name, area_city_no) VALUES (20, '영등포구', 1);
INSERT INTO public.address_area (area_no, area_name, area_city_no) VALUES (21, '용산구', 1);
INSERT INTO public.address_area (area_no, area_name, area_city_no) VALUES (22, '은평구', 1);
INSERT INTO public.address_area (area_no, area_name, area_city_no) VALUES (23, '종로구', 1);
INSERT INTO public.address_area (area_no, area_name, area_city_no) VALUES (24, '중구', 1);
INSERT INTO public.address_area (area_no, area_name, area_city_no) VALUES (25, '중랑구', 1);
INSERT INTO public.address_area (area_no, area_name, area_city_no) VALUES (26, '고양시', 2);
INSERT INTO public.address_area (area_no, area_name, area_city_no) VALUES (27, '과천시', 2);
INSERT INTO public.address_area (area_no, area_name, area_city_no) VALUES (28, '광명시', 2);
INSERT INTO public.address_area (area_no, area_name, area_city_no) VALUES (29, '광주시', 2);
INSERT INTO public.address_area (area_no, area_name, area_city_no) VALUES (30, '구리시', 2);
INSERT INTO public.address_area (area_no, area_name, area_city_no) VALUES (31, '군포시', 2);
INSERT INTO public.address_area (area_no, area_name, area_city_no) VALUES (32, '김포시', 2);
INSERT INTO public.address_area (area_no, area_name, area_city_no) VALUES (33, '남양주시', 2);
INSERT INTO public.address_area (area_no, area_name, area_city_no) VALUES (34, '동두천시', 2);
INSERT INTO public.address_area (area_no, area_name, area_city_no) VALUES (35, '부천시', 2);
INSERT INTO public.address_area (area_no, area_name, area_city_no) VALUES (36, '성남시', 2);
INSERT INTO public.address_area (area_no, area_name, area_city_no) VALUES (37, '수원시', 2);
INSERT INTO public.address_area (area_no, area_name, area_city_no) VALUES (38, '시흥시', 2);
INSERT INTO public.address_area (area_no, area_name, area_city_no) VALUES (39, '안산시', 2);
INSERT INTO public.address_area (area_no, area_name, area_city_no) VALUES (40, '안성시', 2);
INSERT INTO public.address_area (area_no, area_name, area_city_no) VALUES (41, '안양시', 2);
INSERT INTO public.address_area (area_no, area_name, area_city_no) VALUES (42, '양주시', 2);
INSERT INTO public.address_area (area_no, area_name, area_city_no) VALUES (43, '여주시', 2);
INSERT INTO public.address_area (area_no, area_name, area_city_no) VALUES (44, '오산시', 2);
INSERT INTO public.address_area (area_no, area_name, area_city_no) VALUES (45, '용인시', 2);
INSERT INTO public.address_area (area_no, area_name, area_city_no) VALUES (46, '의왕시', 2);
INSERT INTO public.address_area (area_no, area_name, area_city_no) VALUES (47, '의정부시', 2);
INSERT INTO public.address_area (area_no, area_name, area_city_no) VALUES (48, '이천시', 2);
INSERT INTO public.address_area (area_no, area_name, area_city_no) VALUES (49, '파주시', 2);
INSERT INTO public.address_area (area_no, area_name, area_city_no) VALUES (50, '평택시', 2);
INSERT INTO public.address_area (area_no, area_name, area_city_no) VALUES (51, '포천시', 2);
INSERT INTO public.address_area (area_no, area_name, area_city_no) VALUES (52, '하남시', 2);
INSERT INTO public.address_area (area_no, area_name, area_city_no) VALUES (53, '화성시', 2);
INSERT INTO public.address_area (area_no, area_name, area_city_no) VALUES (54, '가평군', 2);
INSERT INTO public.address_area (area_no, area_name, area_city_no) VALUES (55, '양평군', 2);
INSERT INTO public.address_area (area_no, area_name, area_city_no) VALUES (56, '연천군', 2);
INSERT INTO public.address_area (area_no, area_name, area_city_no) VALUES (57, '계양구', 3);
INSERT INTO public.address_area (area_no, area_name, area_city_no) VALUES (58, '남동구', 3);
INSERT INTO public.address_area (area_no, area_name, area_city_no) VALUES (59, '동구', 3);
INSERT INTO public.address_area (area_no, area_name, area_city_no) VALUES (60, '미추홀구', 3);
INSERT INTO public.address_area (area_no, area_name, area_city_no) VALUES (61, '부평구', 3);
INSERT INTO public.address_area (area_no, area_name, area_city_no) VALUES (62, '서구', 3);
INSERT INTO public.address_area (area_no, area_name, area_city_no) VALUES (63, '연수구', 3);
INSERT INTO public.address_area (area_no, area_name, area_city_no) VALUES (64, '중구', 3);
INSERT INTO public.address_area (area_no, area_name, area_city_no) VALUES (65, '강화군', 3);
INSERT INTO public.address_area (area_no, area_name, area_city_no) VALUES (66, '옹진군', 3);
INSERT INTO public.address_area (area_no, area_name, area_city_no) VALUES (67, '강릉시', 4);
INSERT INTO public.address_area (area_no, area_name, area_city_no) VALUES (68, '동해시', 4);
INSERT INTO public.address_area (area_no, area_name, area_city_no) VALUES (69, '삼척시', 4);
INSERT INTO public.address_area (area_no, area_name, area_city_no) VALUES (70, '속초시', 4);
INSERT INTO public.address_area (area_no, area_name, area_city_no) VALUES (71, '원주시', 4);
INSERT INTO public.address_area (area_no, area_name, area_city_no) VALUES (72, '춘천시', 4);
INSERT INTO public.address_area (area_no, area_name, area_city_no) VALUES (73, '태백시', 4);
INSERT INTO public.address_area (area_no, area_name, area_city_no) VALUES (74, '고성군', 4);
INSERT INTO public.address_area (area_no, area_name, area_city_no) VALUES (75, '양구군', 4);
INSERT INTO public.address_area (area_no, area_name, area_city_no) VALUES (76, '양양군', 4);
INSERT INTO public.address_area (area_no, area_name, area_city_no) VALUES (77, '영월군', 4);
INSERT INTO public.address_area (area_no, area_name, area_city_no) VALUES (78, '인제군', 4);
INSERT INTO public.address_area (area_no, area_name, area_city_no) VALUES (79, '정선군', 4);
INSERT INTO public.address_area (area_no, area_name, area_city_no) VALUES (80, '철원군', 4);
INSERT INTO public.address_area (area_no, area_name, area_city_no) VALUES (81, '평창군', 4);
INSERT INTO public.address_area (area_no, area_name, area_city_no) VALUES (82, '홍천군', 4);
INSERT INTO public.address_area (area_no, area_name, area_city_no) VALUES (83, '화천군', 4);
INSERT INTO public.address_area (area_no, area_name, area_city_no) VALUES (84, '횡성군', 4);
INSERT INTO public.address_area (area_no, area_name, area_city_no) VALUES (85, '대덕구', 5);
INSERT INTO public.address_area (area_no, area_name, area_city_no) VALUES (86, '동구', 5);
INSERT INTO public.address_area (area_no, area_name, area_city_no) VALUES (87, '서구', 5);
INSERT INTO public.address_area (area_no, area_name, area_city_no) VALUES (88, '유성구', 5);
INSERT INTO public.address_area (area_no, area_name, area_city_no) VALUES (89, '중구', 5);
INSERT INTO public.address_area (area_no, area_name, area_city_no) VALUES (90, '계룡시', 6);
INSERT INTO public.address_area (area_no, area_name, area_city_no) VALUES (91, '공주시', 6);
INSERT INTO public.address_area (area_no, area_name, area_city_no) VALUES (92, '논산시', 6);
INSERT INTO public.address_area (area_no, area_name, area_city_no) VALUES (93, '당진시', 6);
INSERT INTO public.address_area (area_no, area_name, area_city_no) VALUES (94, '보령시', 6);
INSERT INTO public.address_area (area_no, area_name, area_city_no) VALUES (95, '서산시', 6);
INSERT INTO public.address_area (area_no, area_name, area_city_no) VALUES (96, '아산시', 6);
INSERT INTO public.address_area (area_no, area_name, area_city_no) VALUES (97, '천안시', 6);
INSERT INTO public.address_area (area_no, area_name, area_city_no) VALUES (98, '부여군', 6);
INSERT INTO public.address_area (area_no, area_name, area_city_no) VALUES (99, '서천군', 6);
INSERT INTO public.address_area (area_no, area_name, area_city_no) VALUES (100, '예산군', 6);
INSERT INTO public.address_area (area_no, area_name, area_city_no) VALUES (101, '청양군', 6);
INSERT INTO public.address_area (area_no, area_name, area_city_no) VALUES (102, '태안군', 6);
INSERT INTO public.address_area (area_no, area_name, area_city_no) VALUES (103, '홍성군', 6);
INSERT INTO public.address_area (area_no, area_name, area_city_no) VALUES (104, '제천시', 7);
INSERT INTO public.address_area (area_no, area_name, area_city_no) VALUES (105, '청주시', 7);
INSERT INTO public.address_area (area_no, area_name, area_city_no) VALUES (106, '충주시', 7);
INSERT INTO public.address_area (area_no, area_name, area_city_no) VALUES (107, '괴산군', 7);
INSERT INTO public.address_area (area_no, area_name, area_city_no) VALUES (108, '단양군', 7);
INSERT INTO public.address_area (area_no, area_name, area_city_no) VALUES (109, '보은군', 7);
INSERT INTO public.address_area (area_no, area_name, area_city_no) VALUES (110, '영동군', 7);
INSERT INTO public.address_area (area_no, area_name, area_city_no) VALUES (111, '옥천군', 7);
INSERT INTO public.address_area (area_no, area_name, area_city_no) VALUES (112, '음성군', 7);
INSERT INTO public.address_area (area_no, area_name, area_city_no) VALUES (113, '증평군', 7);
INSERT INTO public.address_area (area_no, area_name, area_city_no) VALUES (114, '진천군', 7);
INSERT INTO public.address_area (area_no, area_name, area_city_no) VALUES (115, '광양시', 8);
INSERT INTO public.address_area (area_no, area_name, area_city_no) VALUES (116, '나주시', 8);
INSERT INTO public.address_area (area_no, area_name, area_city_no) VALUES (117, '목포시', 8);
INSERT INTO public.address_area (area_no, area_name, area_city_no) VALUES (118, '순천시', 8);
INSERT INTO public.address_area (area_no, area_name, area_city_no) VALUES (119, '여수시', 8);
INSERT INTO public.address_area (area_no, area_name, area_city_no) VALUES (120, '강진군', 8);
INSERT INTO public.address_area (area_no, area_name, area_city_no) VALUES (121, '고흥군', 8);
INSERT INTO public.address_area (area_no, area_name, area_city_no) VALUES (122, '곡성군', 8);
INSERT INTO public.address_area (area_no, area_name, area_city_no) VALUES (123, '구례군', 8);
INSERT INTO public.address_area (area_no, area_name, area_city_no) VALUES (124, '담양군', 8);
INSERT INTO public.address_area (area_no, area_name, area_city_no) VALUES (125, '무안군', 8);
INSERT INTO public.address_area (area_no, area_name, area_city_no) VALUES (126, '보성군', 8);
INSERT INTO public.address_area (area_no, area_name, area_city_no) VALUES (127, '신안군', 8);
INSERT INTO public.address_area (area_no, area_name, area_city_no) VALUES (128, '영광군', 8);
INSERT INTO public.address_area (area_no, area_name, area_city_no) VALUES (129, '영암군', 8);
INSERT INTO public.address_area (area_no, area_name, area_city_no) VALUES (130, '완도군', 8);
INSERT INTO public.address_area (area_no, area_name, area_city_no) VALUES (131, '장성군', 8);
INSERT INTO public.address_area (area_no, area_name, area_city_no) VALUES (132, '장흥군', 8);
INSERT INTO public.address_area (area_no, area_name, area_city_no) VALUES (133, '진도군', 8);
INSERT INTO public.address_area (area_no, area_name, area_city_no) VALUES (134, '함평군', 8);
INSERT INTO public.address_area (area_no, area_name, area_city_no) VALUES (135, '해남군', 8);
INSERT INTO public.address_area (area_no, area_name, area_city_no) VALUES (136, '화순군', 8);
INSERT INTO public.address_area (area_no, area_name, area_city_no) VALUES (137, '군산시', 9);
INSERT INTO public.address_area (area_no, area_name, area_city_no) VALUES (138, '김제시', 9);
INSERT INTO public.address_area (area_no, area_name, area_city_no) VALUES (139, '남원시', 9);
INSERT INTO public.address_area (area_no, area_name, area_city_no) VALUES (140, '익산시', 9);
INSERT INTO public.address_area (area_no, area_name, area_city_no) VALUES (141, '전주시', 9);
INSERT INTO public.address_area (area_no, area_name, area_city_no) VALUES (142, '정읍시', 9);
INSERT INTO public.address_area (area_no, area_name, area_city_no) VALUES (143, '고창군', 9);
INSERT INTO public.address_area (area_no, area_name, area_city_no) VALUES (144, '무주군', 9);
INSERT INTO public.address_area (area_no, area_name, area_city_no) VALUES (145, '부안군', 9);
INSERT INTO public.address_area (area_no, area_name, area_city_no) VALUES (146, '순창군', 9);
INSERT INTO public.address_area (area_no, area_name, area_city_no) VALUES (147, '완주군', 9);
INSERT INTO public.address_area (area_no, area_name, area_city_no) VALUES (148, '임실군', 9);
INSERT INTO public.address_area (area_no, area_name, area_city_no) VALUES (149, '장수군', 9);
INSERT INTO public.address_area (area_no, area_name, area_city_no) VALUES (150, '진안군', 9);
INSERT INTO public.address_area (area_no, area_name, area_city_no) VALUES (151, '광산구', 10);
INSERT INTO public.address_area (area_no, area_name, area_city_no) VALUES (152, '동구', 10);
INSERT INTO public.address_area (area_no, area_name, area_city_no) VALUES (153, '서구', 10);
INSERT INTO public.address_area (area_no, area_name, area_city_no) VALUES (154, '남구', 10);
INSERT INTO public.address_area (area_no, area_name, area_city_no) VALUES (155, '북구', 10);
INSERT INTO public.address_area (area_no, area_name, area_city_no) VALUES (156, '남구', 11);
INSERT INTO public.address_area (area_no, area_name, area_city_no) VALUES (157, '달서구', 11);
INSERT INTO public.address_area (area_no, area_name, area_city_no) VALUES (158, '동구', 11);
INSERT INTO public.address_area (area_no, area_name, area_city_no) VALUES (159, '북구', 11);
INSERT INTO public.address_area (area_no, area_name, area_city_no) VALUES (160, '서구', 11);
INSERT INTO public.address_area (area_no, area_name, area_city_no) VALUES (161, '수성구', 11);
INSERT INTO public.address_area (area_no, area_name, area_city_no) VALUES (162, '중구', 11);
INSERT INTO public.address_area (area_no, area_name, area_city_no) VALUES (163, '달성군', 11);
INSERT INTO public.address_area (area_no, area_name, area_city_no) VALUES (164, '경산시', 12);
INSERT INTO public.address_area (area_no, area_name, area_city_no) VALUES (165, '경주시', 12);
INSERT INTO public.address_area (area_no, area_name, area_city_no) VALUES (166, '구미시', 12);
INSERT INTO public.address_area (area_no, area_name, area_city_no) VALUES (167, '김천시', 12);
INSERT INTO public.address_area (area_no, area_name, area_city_no) VALUES (168, '문경시', 12);
INSERT INTO public.address_area (area_no, area_name, area_city_no) VALUES (169, '상주시', 12);
INSERT INTO public.address_area (area_no, area_name, area_city_no) VALUES (170, '안동시', 12);
INSERT INTO public.address_area (area_no, area_name, area_city_no) VALUES (171, '영주시', 12);
INSERT INTO public.address_area (area_no, area_name, area_city_no) VALUES (172, '영천시', 12);
INSERT INTO public.address_area (area_no, area_name, area_city_no) VALUES (173, '포항시', 12);
INSERT INTO public.address_area (area_no, area_name, area_city_no) VALUES (174, '고령군', 12);
INSERT INTO public.address_area (area_no, area_name, area_city_no) VALUES (175, '군위군', 12);
INSERT INTO public.address_area (area_no, area_name, area_city_no) VALUES (176, '봉화군', 12);
INSERT INTO public.address_area (area_no, area_name, area_city_no) VALUES (177, '성주군', 12);
INSERT INTO public.address_area (area_no, area_name, area_city_no) VALUES (178, '영덕군', 12);
INSERT INTO public.address_area (area_no, area_name, area_city_no) VALUES (179, '영양군', 12);
INSERT INTO public.address_area (area_no, area_name, area_city_no) VALUES (180, '예천군', 12);
INSERT INTO public.address_area (area_no, area_name, area_city_no) VALUES (181, '울릉군', 12);
INSERT INTO public.address_area (area_no, area_name, area_city_no) VALUES (182, '울진군', 12);
INSERT INTO public.address_area (area_no, area_name, area_city_no) VALUES (183, '의성군', 12);
INSERT INTO public.address_area (area_no, area_name, area_city_no) VALUES (184, '청도군', 12);
INSERT INTO public.address_area (area_no, area_name, area_city_no) VALUES (185, '청송군', 12);
INSERT INTO public.address_area (area_no, area_name, area_city_no) VALUES (186, '칠곡군', 12);
INSERT INTO public.address_area (area_no, area_name, area_city_no) VALUES (187, '거제시', 13);
INSERT INTO public.address_area (area_no, area_name, area_city_no) VALUES (188, '김해시', 13);
INSERT INTO public.address_area (area_no, area_name, area_city_no) VALUES (189, '밀양시', 13);
INSERT INTO public.address_area (area_no, area_name, area_city_no) VALUES (190, '사천시', 13);
INSERT INTO public.address_area (area_no, area_name, area_city_no) VALUES (191, '양산시', 13);
INSERT INTO public.address_area (area_no, area_name, area_city_no) VALUES (192, '진주시', 13);
INSERT INTO public.address_area (area_no, area_name, area_city_no) VALUES (193, '창원시', 13);
INSERT INTO public.address_area (area_no, area_name, area_city_no) VALUES (194, '통영시', 13);
INSERT INTO public.address_area (area_no, area_name, area_city_no) VALUES (195, '거창군', 13);
INSERT INTO public.address_area (area_no, area_name, area_city_no) VALUES (196, '고성군', 13);
INSERT INTO public.address_area (area_no, area_name, area_city_no) VALUES (197, '남해군', 13);
INSERT INTO public.address_area (area_no, area_name, area_city_no) VALUES (198, '산청군', 13);
INSERT INTO public.address_area (area_no, area_name, area_city_no) VALUES (199, '의령군', 13);
INSERT INTO public.address_area (area_no, area_name, area_city_no) VALUES (200, '창녕군', 13);
INSERT INTO public.address_area (area_no, area_name, area_city_no) VALUES (201, '하동군', 13);
INSERT INTO public.address_area (area_no, area_name, area_city_no) VALUES (202, '함안군', 13);
INSERT INTO public.address_area (area_no, area_name, area_city_no) VALUES (203, '함양군', 13);
INSERT INTO public.address_area (area_no, area_name, area_city_no) VALUES (204, '합천군', 13);
INSERT INTO public.address_area (area_no, area_name, area_city_no) VALUES (205, '남구', 14);
INSERT INTO public.address_area (area_no, area_name, area_city_no) VALUES (206, '동구', 14);
INSERT INTO public.address_area (area_no, area_name, area_city_no) VALUES (207, '북구', 14);
INSERT INTO public.address_area (area_no, area_name, area_city_no) VALUES (208, '중구', 14);
INSERT INTO public.address_area (area_no, area_name, area_city_no) VALUES (209, '울주군', 14);
INSERT INTO public.address_area (area_no, area_name, area_city_no) VALUES (210, '강서구', 15);
INSERT INTO public.address_area (area_no, area_name, area_city_no) VALUES (211, '금정구', 15);
INSERT INTO public.address_area (area_no, area_name, area_city_no) VALUES (212, '남구', 15);
INSERT INTO public.address_area (area_no, area_name, area_city_no) VALUES (213, '동구', 15);
INSERT INTO public.address_area (area_no, area_name, area_city_no) VALUES (214, '동래구', 15);
INSERT INTO public.address_area (area_no, area_name, area_city_no) VALUES (215, '부산진구', 15);
INSERT INTO public.address_area (area_no, area_name, area_city_no) VALUES (216, '북구', 15);
INSERT INTO public.address_area (area_no, area_name, area_city_no) VALUES (217, '사상구', 15);
INSERT INTO public.address_area (area_no, area_name, area_city_no) VALUES (218, '사하구', 15);
INSERT INTO public.address_area (area_no, area_name, area_city_no) VALUES (219, '서구', 15);
INSERT INTO public.address_area (area_no, area_name, area_city_no) VALUES (220, '수영구', 15);
INSERT INTO public.address_area (area_no, area_name, area_city_no) VALUES (221, '연제구', 15);
INSERT INTO public.address_area (area_no, area_name, area_city_no) VALUES (222, '영도구', 15);
INSERT INTO public.address_area (area_no, area_name, area_city_no) VALUES (223, '중구', 15);
INSERT INTO public.address_area (area_no, area_name, area_city_no) VALUES (224, '해운대구', 15);
INSERT INTO public.address_area (area_no, area_name, area_city_no) VALUES (225, '기장군', 15);
INSERT INTO public.address_area (area_no, area_name, area_city_no) VALUES (226, '제주시', 16);
INSERT INTO public.address_area (area_no, area_name, area_city_no) VALUES (227, '서귀포시', 16);

-- category

INSERT INTO public.category (category_no, category_parent_name, category_child_name) VALUES (1, '상의', '반팔 티');
INSERT INTO public.category (category_no, category_parent_name, category_child_name) VALUES (2, '상의', '긴팔 티');
INSERT INTO public.category (category_no, category_parent_name, category_child_name) VALUES (3, '상의', '반팔 셔츠');
INSERT INTO public.category (category_no, category_parent_name, category_child_name) VALUES (4, '상의', '긴팔 셔츠');
INSERT INTO public.category (category_no, category_parent_name, category_child_name) VALUES (5, '상의', '후디');
INSERT INTO public.category (category_no, category_parent_name, category_child_name) VALUES (6, '상의', '맨투맨');
INSERT INTO public.category (category_no, category_parent_name, category_child_name) VALUES (7, '상의', '니트/스웨터');
INSERT INTO public.category (category_no, category_parent_name, category_child_name) VALUES (8, '상의', '가디건');

INSERT INTO public.category (category_no, category_parent_name, category_child_name) VALUES (9, '아우터', '자켓');
INSERT INTO public.category (category_no, category_parent_name, category_child_name) VALUES (10, '아우터', '패딩/점퍼');
INSERT INTO public.category (category_no, category_parent_name, category_child_name) VALUES (11, '아우터', '코트');

INSERT INTO public.category (category_no, category_parent_name, category_child_name) VALUES (12, '하의', '긴바지');
INSERT INTO public.category (category_no, category_parent_name, category_child_name) VALUES (13, '하의', '반바지');
INSERT INTO public.category (category_no, category_parent_name, category_child_name) VALUES (14, '하의', '점프수트');

INSERT INTO public.category (category_no, category_parent_name, category_child_name) VALUES (15, '원피스/치마', '원피스');
INSERT INTO public.category (category_no, category_parent_name, category_child_name) VALUES (16, '원피스', '치마');

INSERT INTO public.category (category_no, category_parent_name, category_child_name) VALUES (17, '액세서리', '가방');
INSERT INTO public.category (category_no, category_parent_name, category_child_name) VALUES (18, '액세서리', '지갑');
INSERT INTO public.category (category_no, category_parent_name, category_child_name) VALUES (19, '액세서리', '벨트');
INSERT INTO public.category (category_no, category_parent_name, category_child_name) VALUES (20, '액세서리', '모자');
INSERT INTO public.category (category_no, category_parent_name, category_child_name) VALUES (21, '액세서리', '기타');


-- user

INSERT INTO public."user"(user_no, user_provider_id, user_level, user_profile_image, user_nick, user_provider, user_privacy, user_refresh_token, deleted, "createdAt", "updatedAt")	VALUES (1, '1234', 10, 'none', 'test1', 'kakao', true, 'none', 'N', '2021-09-16', '2021-09-16');
INSERT INTO public."user"(user_no, user_provider_id, user_level, user_profile_image, user_nick, user_provider, user_privacy, user_refresh_token, deleted, "createdAt", "updatedAt")	VALUES (2, '5678', 10, 'none', 'test2', 'kakao', true, 'none', 'N', '2021-09-16', '2021-09-16');	
INSERT INTO public."user"(user_no, user_provider_id, user_level, user_profile_image, user_nick, user_provider, user_privacy, user_refresh_token, deleted, "createdAt", "updatedAt")	VALUES (3, '43432532', 10, 'none', 'test3', 'kakao', true, 'none', 'N', '2021-09-16', '2021-09-16');
INSERT INTO public."user"(user_no, user_provider_id, user_level, user_profile_image, user_nick, user_provider, user_privacy, user_refresh_token, deleted, "createdAt", "updatedAt")	VALUES (4, '575463', 10, 'none', 'test4', 'kakao', true, 'none', 'N', '2021-09-16', '2021-09-16');
INSERT INTO public."user"(user_no, user_provider_id, user_level, user_profile_image, user_nick, user_provider, user_privacy, user_refresh_token, deleted, "createdAt", "updatedAt")	VALUES (5, '5754631', 10, 'none', 'test5', 'kakao', true, 'none', 'N', '2021-09-16', '2021-09-16');

-- product

INSERT INTO public.product (product_no, product_title, product_content, product_price, product_view, deleted, product_user_no, "createdAt") VALUES (1, '상품1', '상품1입니다.', '12700원', 0, 'N', 1, '2021-08-17 14:28:03.050138+09');
INSERT INTO public.product (product_no, product_title, product_content, product_price, product_view, deleted, product_user_no, "createdAt") VALUES (2, '상품2', '상품2입니다.', '25700원', 0, 'N', 1, '2021-08-17 14:28:52.548084+09');
INSERT INTO public.product (product_no, product_title, product_content, product_price, product_view, deleted, product_user_no, "createdAt") VALUES (3, '상품3', '상품3입니다.', '30000원', 0, 'N', 1, '2021-08-17 14:29:06.642366+09');
INSERT INTO public.product (product_no, product_title, product_content, product_price, product_view, deleted, product_user_no, "createdAt") VALUES (4, '상품4', '상품4입니다.', '2000원', 0, 'N', 1, '2021-08-17 15:30:57.12591+09');
INSERT INTO public.product (product_no, product_title, product_content, product_price, product_view, deleted, product_user_no, "createdAt") VALUES (5, '상품5', '상품5입니다.', '2000원', 0, 'N', 1, '2021-08-17 15:31:06.807258+09');
INSERT INTO public.product (product_no, product_title, product_content, product_price, product_view, deleted, product_user_no, "createdAt") VALUES (6, '상품6', '상품6입니다.', '23000원', 0, 'N', 1, '2021-08-17 15:31:22.467311+09');
INSERT INTO public.product (product_no, product_title, product_content, product_price, product_view, deleted, product_user_no, "createdAt") VALUES (7, '상품7', '상품7입니다.', '23000원', 0, 'N', 1, '2021-08-17 15:31:42.000839+09');
INSERT INTO public.product (product_no, product_title, product_content, product_price, product_view, deleted, product_user_no, "createdAt") VALUES (8, '상품8', '상품8입니다.', '23000원', 0, 'N', 1, '2021-08-17 15:31:51.987256+09');
INSERT INTO public.product (product_no, product_title, product_content, product_price, product_view, deleted, product_user_no, "createdAt") VALUES (9, '상품9', '상품9입니다.', '23000원', 0, 'N', 1, '2021-08-17 15:32:01.695224+09');
INSERT INTO public.product (product_no, product_title, product_content, product_price, product_view, deleted, product_user_no, "createdAt") VALUES (10, '상품10', '상품10입니다.', '23000원', 0, 'N', 1, '2021-08-17 15:32:11.053998+09');

-- comment

INSERT INTO public.comment (comment_no, comment_content, deleted, comment_user_no, comment_product_no, "createdAt") VALUES (1, '1번 상품의 1번 댓글', 'N', 1, 1, '2021-08-17 15:33:00.946277+09');
INSERT INTO public.comment (comment_no, comment_content, deleted, comment_user_no, comment_product_no, "createdAt") VALUES (2, '1번 상품의 2번 댓글', 'N', 1, 1, '2021-08-17 15:34:37.679051+09');
INSERT INTO public.comment (comment_no, comment_content, deleted, comment_user_no, comment_product_no, "createdAt") VALUES (3, '2번 상품의 1번 댓글', 'N', 2, 2, '2021-08-23 16:47:01.140459+09');
INSERT INTO public.comment (comment_no, comment_content, deleted, comment_user_no, comment_product_no, "createdAt") VALUES (4, '2번 상품의 2번 댓글', 'N', 2, 2, '2021-08-23 16:47:01.140459+09');
INSERT INTO public.comment (comment_no, comment_content, deleted, comment_user_no, comment_product_no, "createdAt") VALUES (5, '3번 상품의 1번 댓글', 'N', 3, 3, '2021-08-23 16:47:01.140459+09');
INSERT INTO public.comment (comment_no, comment_content, deleted, comment_user_no, comment_product_no, "createdAt") VALUES (6, '3번 상품의 2번 댓글', 'N', 3, 3, '2021-08-23 16:47:01.140459+09');

-- deal

INSERT INTO public.deal (deal_no, deleted, deal_area_no, product_no) VALUES (2, 'N', 2, 1);
INSERT INTO public.deal (deal_no, deleted, deal_area_no, product_no) VALUES (1, 'N', 1, 2);
INSERT INTO public.deal (deal_no, deleted, deal_area_no, product_no) VALUES (3, 'N', 3, 3);
INSERT INTO public.deal (deal_no, deleted, deal_area_no, product_no) VALUES (4, 'N', 4, 4);
INSERT INTO public.deal (deal_no, deleted, deal_area_no, product_no) VALUES (5, 'N', 5, 5);
INSERT INTO public.deal (deal_no, deleted, deal_area_no, product_no) VALUES (6, 'N', 6, 6);
INSERT INTO public.deal (deal_no, deleted, deal_area_no, product_no) VALUES (7, 'N', 7, 7);

-- image

INSERT INTO public.image (image_no, image_src, image_order, deleted, image_product_no) VALUES (1, '상품1_1.jpg', 1, 'N', 1);
INSERT INTO public.image (image_no, image_src, image_order, deleted, image_product_no) VALUES (2, '상품1_2.jpg', 2, 'N', 1);
INSERT INTO public.image (image_no, image_src, image_order, deleted, image_product_no) VALUES (3, '상품2_1.jpg', 1, 'N', 2);
INSERT INTO public.image (image_no, image_src, image_order, deleted, image_product_no) VALUES (4, '상품2_2.jpg', 2, 'N', 2);
INSERT INTO public.image (image_no, image_src, image_order, deleted, image_product_no) VALUES (5, '상품3_1.jpg', 1, 'N', 3);
INSERT INTO public.image (image_no, image_src, image_order, deleted, image_product_no) VALUES (6, '상품3_2.jpg', 2, 'N', 3);
INSERT INTO public.image (image_no, image_src, image_order, deleted, image_product_no) VALUES (7, '상품4_1.jpg', 1, 'N', 4);
INSERT INTO public.image (image_no, image_src, image_order, deleted, image_product_no) VALUES (8, '상품4_2.jpg', 2, 'N', 4);
INSERT INTO public.image (image_no, image_src, image_order, deleted, image_product_no) VALUES (9, '상품5_1.jpg', 1, 'N', 5);
INSERT INTO public.image (image_no, image_src, image_order, deleted, image_product_no) VALUES (10, '상품5_2.jpg', 2, 'N', 5);
INSERT INTO public.image (image_no, image_src, image_order, deleted, image_product_no) VALUES (11, '상품6_1.jpg', 1, 'N', 6);
INSERT INTO public.image (image_no, image_src, image_order, deleted, image_product_no) VALUES (12, '상품6_2.jpg', 2, 'N', 6);
INSERT INTO public.image (image_no, image_src, image_order, deleted, image_product_no) VALUES (13, '상품7_1.jpg', 1, 'N', 7);
INSERT INTO public.image (image_no, image_src, image_order, deleted, image_product_no) VALUES (14, '상품7_2.jpg', 2, 'N', 7);
INSERT INTO public.image (image_no, image_src, image_order, deleted, image_product_no) VALUES (15, '상품8_1.jpg', 1, 'N', 8);
INSERT INTO public.image (image_no, image_src, image_order, deleted, image_product_no) VALUES (16, '상품8_2.jpg', 2, 'N', 8);
INSERT INTO public.image (image_no, image_src, image_order, deleted, image_product_no) VALUES (17, '상품9_1.jpg', 1, 'N', 9);
INSERT INTO public.image (image_no, image_src, image_order, deleted, image_product_no) VALUES (18, '상품9_2.jpg', 2, 'N', 9);
INSERT INTO public.image (image_no, image_src, image_order, deleted, image_product_no) VALUES (19, '상품10_1.jpg', 1, 'N', 10);
INSERT INTO public.image (image_no, image_src, image_order, deleted, image_product_no) VALUES (20, '상품10_2.jpg', 2, 'N', 10);

-- product_category

INSERT INTO public.product_category (product_category_no, deleted, category_no, product_no) VALUES (1, 'N', 2, 1);
INSERT INTO public.product_category (product_category_no, deleted, category_no, product_no) VALUES (2, 'N', 1, 2);
INSERT INTO public.product_category (product_category_no, deleted, category_no, product_no) VALUES (3, 'N', 1, 3);
INSERT INTO public.product_category (product_category_no, deleted, category_no, product_no) VALUES (4, 'N', 1, 4);
INSERT INTO public.product_category (product_category_no, deleted, category_no, product_no) VALUES (5, 'N', 1, 5);
INSERT INTO public.product_category (product_category_no, deleted, category_no, product_no) VALUES (6, 'N', 1, 6);
INSERT INTO public.product_category (product_category_no, deleted, category_no, product_no) VALUES (7, 'N', 1, 7);
INSERT INTO public.product_category (product_category_no, deleted, category_no, product_no) VALUES (8, 'N', 1, 8);
INSERT INTO public.product_category (product_category_no, deleted, category_no, product_no) VALUES (9, 'N', 1, 9);
INSERT INTO public.product_category (product_category_no, deleted, category_no, product_no) VALUES (10, 'N', 1, 10);

-- re_comment

INSERT INTO public.re_comment (recomment_no, recomment_content, deleted, recomment_comment_no, recomment_user_no, "createdAt") VALUES (1, 'test1', 'N', 1, 1, '2021-08-23 16:49:47.111658+09');
INSERT INTO public.re_comment (recomment_no, recomment_content, deleted, recomment_comment_no, recomment_user_no, "createdAt") VALUES (2, 'test2', 'N', 1, 2, '2021-08-23 16:49:47.111658+09');

-- review

INSERT INTO public.review (review_no, product_no, review_content, review_score, deleted, review_writer_user_no, review_receiver_user_no, "createdAt") VALUES (1, 1, '리뷰test1', 5, 'N', 3, 1, '2021-08-23 16:50:57.299828+09');
INSERT INTO public.review (review_no, product_no, review_content, review_score, deleted, review_writer_user_no, review_receiver_user_no, "createdAt") VALUES (2, 2, '리뷰test1', 5, 'N', 2, 1, '2021-08-23 16:50:57.299828+09');
INSERT INTO public.review (review_no, product_no, review_content, review_score, deleted, review_writer_user_no, review_receiver_user_no, "createdAt") VALUES (3, 3, '리뷰test1', 5, 'N', 4, 1, '2021-08-23 16:50:57.299828+09');

-- wish

INSERT INTO public.wish (wish_no, deleted, wish_user_no, wish_product_no) VALUES (1, 'N', 2, 1);
INSERT INTO public.wish (wish_no, deleted, wish_user_no, wish_product_no) VALUES (2, 'N', 3, 1);
INSERT INTO public.wish (wish_no, deleted, wish_user_no, wish_product_no) VALUES (3, 'N', 3, 5);

--state
INSERT INTO public.state (state_no, state, review_state, user_no, product_no) VALUES (1, 'sale', NULL, 2, 1);
INSERT INTO public.state (state_no, state, review_state, user_no, product_no) VALUES (2, 'sale', NULL, 3, 2);
INSERT INTO public.state (state_no, state, review_state, user_no, product_no) VALUES (3, 'sold', NULL, 5, 3);